URL,Label
https://www.google.com,0
http://secure-login-paypal.com,1
https://github.com/login,0
http://192.168.1.1/update,1
https://www.amazon.com,0
http://free-bonus-update.net,1
https://wikipedia.org,0
http://verify-account-now.info,1
https://youtube.com,0
http://10.0.0.1/bank-secure,1
https://apple.com,0
http://login.yahoo-verify.com,1
https://microsoft.com,0
http://secure-update.com//redirect,1
https://netflix.com,0
http://claim-free-prize.org,1
https://stackoverflow.com,0
http://crypto-wallet-verify.com,1
https://linkedin.com,0
https://paypal-update-account.com,1
https://www.nytimes.com,0
http://bit.ly/free-prize,1
https://www.reddit.com,0
http://tinyurl.com/update-bank,1
https://mail.google.com,0
http://auth-verify.com/login?id=user,1
https://www.cloudflare.com,0
http://172.16.254.1/auth,1
